{
"band-power": [
0.570625,
0.53,
0.43062500000000004,
0.645625,
0.576875,
0.39937500000000004,
0.6856249999999999,
0.548125,
0.4425,
0.48687499999999995,
0.7168749999999999,
0.365625
],
"SINDy": [
0.9699999999999999,
1.0,
1.0,
0.9337500000000001,
0.919375,
0.99375,
0.999375,
1.0,
0.999375,
0.68,
1.0,
0.9199999999999999
],
"DMD": [
0.31437499999999996,
0.4525,
0.6106250000000001,
0.484375,
0.5525000000000001,
0.34562499999999996,
0.6268750000000001,
0.49062500000000003,
0.34343749999999995,
0.4675,
0.5687500000000001,
0.51625
],
"DySCo": [
0.409375,
0.423125,
0.6256250000000001,
0.368125,
0.469375,
0.584375,
0.5331250000000001,
0.345,
0.62625,
0.5925,
0.55375,
0.48312499999999997
],
"HMM": [
0.46125,
0.28125,
0.524375,
0.36000000000000004,
0.515625,
0.44875,
0.57875,
0.489375,
0.344375,
0.521875,
0.521875,
0.46187500000000004
],
"CEBRA": [
0.76625,
0.9981249999999999,
0.9981249999999999,
0.939375,
0.995625,
0.55375,
0.9918750000000001,
0.84375,
1.0,
0.8225000000000001,
0.924375,
0.87
],
"BIOT": [
0.6268750000000001,
0.585,
0.493125,
0.415625,
0.41125,
0.5687500000000001,
0.56375,
0.5625,
0.5075000000000001,
0.43562500000000004,
0.441875,
0.44375000000000003
],
"CBraMod": [
0.62625,
0.489375,
0.62625,
0.568125,
0.575625,
0.5,
0.73875,
0.701875,
0.5418749999999999,
0.536875,
0.6412500000000001,
0.49124999999999996
],
"LUNA": [
0.5137499999999999,
0.505625,
0.60625,
0.6268750000000001,
0.48937500000000006,
0.3575,
0.6743750000000001,
0.42625,
0.8125,
0.6268750000000001,
0.685625,
0.54875
],
"REVE": [
0.594375,
0.490625,
0.5081249999999999,
0.588125,
0.57375,
0.43062500000000004,
0.6543749999999999,
0.614375,
0.541875,
0.42500000000000004,
0.5637500000000001,
0.50875
],
"LaBraM": [
0.65,
0.68625,
0.726875,
0.65,
0.579375,
0.4425,
0.74875,
0.610625,
0.7112499999999999,
0.47687500000000005,
0.605,
0.5853125
]
}