{
"band-power": [
0.524375,
0.571875,
0.41312499999999996,
0.6449999999999999,
0.53875,
0.365625,
0.669375,
0.510625,
0.42375,
0.44,
0.64875,
0.46249999999999997
],
"SINDy": [
0.8975,
0.961875,
0.99,
0.9824999999999999,
1.0,
0.539375,
1.0,
0.99875,
1.0,
0.6268750000000001,
0.9775,
1.0
],
"DMD": [
0.37375,
0.46249999999999997,
0.54,
0.5225,
0.540625,
0.46,
0.5225,
0.425,
0.641875,
0.435625,
0.41437500000000005,
0.49125
],
"DySCo": [
0.6056250000000001,
0.444375,
0.64,
0.371875,
0.43312500000000004,
0.634375,
0.590625,
0.37000000000000005,
0.5387500000000001,
0.57875,
0.465,
0.61
],
"HMM": [
0.5593750000000001,
0.4525,
0.53375,
0.53875,
0.4225,
0.493125,
0.675,
0.43500000000000005,
0.48,
0.650625,
0.45687500000000003,
0.509375
],
"CEBRA": [
0.934375,
0.918125,
1.0,
0.87875,
0.9475,
0.9325000000000001,
0.94,
1.0,
0.793125,
0.916875,
0.974375,
0.9924999999999999
],
"BIOT": [
0.605625,
0.488125,
0.6118750000000001,
0.581875,
0.42374999999999996,
0.566875,
0.66625,
0.491875,
0.39875000000000005,
0.5162500000000001,
0.47562499999999996,
0.4937500000000001
],
"CBraMod": [
0.635625,
0.46875,
0.6056250000000001,
0.571875,
0.5593750000000001,
0.471875,
0.7156250000000001,
0.693125,
0.5487500000000001,
0.5025,
0.6493749999999999,
0.425625
],
"LUNA": [
0.509375,
0.58875,
0.77,
0.49374999999999997,
0.42874999999999996,
0.49812500000000004,
0.725625,
0.46437500000000004,
0.8281250000000001,
0.635,
0.7831250000000001,
0.59875
],
"REVE": [
0.5893750000000001,
0.51125,
0.564375,
0.513125,
0.591875,
0.42062499999999997,
0.615625,
0.596875,
0.5581249999999999,
0.389375,
0.590625,
0.5125000000000001
],
"LaBraM": [
0.6437499999999999,
0.646875,
0.7643750000000001,
0.68875,
0.6525000000000001,
0.44343750000000004,
0.786875,
0.6443749999999999,
0.685625,
0.438125,
0.619375,
0.5737500000000001
],
"osl-TDE-HMM": [
0.441875,
0.59875,
0.444375,
0.5181250000000001,
0.46875000000000006,
0.48875,
0.516875,
0.436875,
0.431875,
0.416875,
0.3275,
0.625625
]
}