{
"band-power": [
0.41937500000000005,
0.395,
0.5856250000000001,
0.41937500000000005,
0.43656249999999996,
0.5578125,
0.4821875,
0.41593749999999996,
0.621875,
0.600625,
0.346875,
0.583125
],
"SINDy": [
0.926875,
0.9725,
0.985,
0.9806250000000001,
0.9925,
0.39312499999999995,
1.0,
0.996875,
1.0,
0.6812499999999999,
0.970625,
0.994375
],
"DMD": [
0.371875,
0.6425000000000001,
0.5974999999999999,
0.41125,
0.335,
0.44999999999999996,
0.42625,
0.448125,
0.4709375,
0.47187499999999993,
0.445,
0.4325
],
"DySCo": [
0.3821875,
0.5196875000000001,
0.531875,
0.5096875000000001,
0.494375,
0.4325,
0.443125,
0.6074999999999999,
0.404375,
0.48375,
0.469375,
0.533125
],
"HMM": [
0.38843750000000005,
0.565,
0.405625,
0.5290625,
0.60625,
0.44562500000000005,
0.36312500000000003,
0.4531249999999999,
0.54125,
0.643125,
0.5643750000000001,
0.39625
],
"CEBRA": [
0.88125,
0.6871875000000001,
0.943125,
0.7940625,
0.765,
1.0,
1.0,
0.6181249999999999,
0.7225000000000001,
0.7731250000000001,
1.0,
1.0
],
"BIOT": [
0.620625,
0.5453125000000001,
0.38687499999999997,
0.390625,
0.41781250000000003,
0.5878125,
0.690625,
0.630625,
0.41250000000000003,
0.52,
0.6425000000000001,
0.3834375
],
"CBraMod": [
0.301875,
0.365625,
0.5449999999999999,
0.38125000000000003,
0.3393750000000001,
0.47624999999999995,
0.3075,
0.31562500000000004,
0.395625,
0.38343750000000004,
0.39187500000000003,
0.40375
],
"LUNA": [
0.41375000000000006,
0.4209375,
0.675,
0.605625,
0.4346875,
0.5690625,
0.67875,
0.4128125,
0.776875,
0.6112500000000001,
0.498125,
0.50875
],
"REVE": [
0.6271875,
0.379375,
0.46968750000000004,
0.46875,
0.49874999999999997,
0.5378125,
0.35062499999999996,
0.34750000000000003,
0.405625,
0.5062500000000001,
0.42875,
0.35999999999999993
],
"LaBraM": [
0.486875,
0.4815625,
0.81625,
0.6112500000000001,
0.6725,
0.32375,
0.77,
0.609375,
0.7415625,
0.3609375,
0.5009375,
0.49499999999999994
]
}