{
"band-power": [
0.575,
0.5875,
0.41875000000000007,
0.6562500000000001,
0.504375,
0.388125,
0.675625,
0.519375,
0.42937499999999995,
0.41187500000000005,
0.6675,
0.45999999999999996
],
"SINDy": [
0.774375,
0.7531249999999999,
0.79875,
0.824375,
0.893125,
0.544375,
0.98875,
0.915,
0.979375,
0.613125,
0.8825000000000001,
0.920625
],
"DMD": [
0.46125000000000005,
0.41937499999999994,
0.63625,
0.433125,
0.5518749999999999,
0.443125,
0.48937499999999995,
0.40937499999999993,
0.614375,
0.42375,
0.439375,
0.50125
],
"DySCo": [
0.58375,
0.5075000000000001,
0.6575,
0.5275,
0.4806250000000001,
0.53,
0.58125,
0.37312500000000004,
0.5493750000000001,
0.545,
0.43625,
0.45875
],
"HMM": [
0.5768749999999999,
0.358125,
0.53125,
0.553125,
0.4418750000000001,
0.509375,
0.61375,
0.513125,
0.48187500000000005,
0.7312500000000001,
0.473125,
0.6124999999999999
],
"CEBRA": [
0.7987500000000001,
0.95375,
0.9974999999999999,
0.713125,
0.90625,
0.999375,
1.0,
0.9837499999999999,
0.926875,
0.58625,
0.99875,
0.9918750000000001
]
}